Vladimir,1077274356,2023-01-02
Vladimir,1077274356,2023-01-02
Vladimir,1077274356,2022-12-31
Vladimir,1077274356,2023-01-02
Vladimir,1077274356,2023-01-01
Vladimir,1077274356,2023-01-01
Vladimir,1077274356,2023-01-01
Vladimir,1077274356,2023-01-02
Vladimir,1077274356,2023-01-02
Vladimir,1077274356,2024-04-25
Vladimir,1077274356,2024-04-21
Vladimir,1077274356,2024-04-25
Vladimir,1077274356,2024-04-22
Vladimir,1077274356,2024-04-11
Vladimir,1077274356,2024-04-24
Vladimir,1077274356,2024-04-26
Vladimir,1077274356,2024-04-21
Vladimir,1077274356,2024-04-22
Vladimir,1077274356,2024-04-27
Vladimir,1077274356,2024-04-15
Vladimir,1077274356,2024-04-24
Vladimir,1077274356,2024-04-31
Vladimir,1077274356,2024-04-24
Vladimir,1077274356,2024-04-24
Vladimir,1077274356,2024-04-25
Vladimir,1077274356,2024-04-18
Vladimir,1077274356,2024-04-27
Vladimir,1077274356,2024-04-24
Vladimir,1077274356,2024-04-24
Vladimir,1077274356,2024-04-11
